date,app_name,category,usage_minutes,pickups,notifications,hour
2024-01-01,Instagram,Social,107,52,14,10
2024-01-01,YouTube,Entertainment,76,21,74,10
2024-01-01,WhatsApp,Communication,92,53,23,2
2024-01-01,Gmail,Productivity,154,53,1,23
2024-01-01,LinkedIn,Professional,162,38,1,20
2024-01-01,Chrome,Utility,165,12,57,21
2024-01-01,Spotify,Entertainment,93,49,58,9
2024-01-01,Telegram,Communication,19,47,61,18
2024-01-02,Instagram,Social,112,55,63,2
2024-01-02,YouTube,Entertainment,55,7,20,8
2024-01-02,WhatsApp,Communication,171,18,3,13
2024-01-02,Gmail,Productivity,13,26,52,1
2024-01-02,LinkedIn,Professional,88,28,59,6
2024-01-02,Chrome,Utility,176,8,46,2
2024-01-02,Spotify,Entertainment,85,36,49,7
2024-01-02,Telegram,Communication,136,2,5,21
2024-01-03,Instagram,Social,110,4,53,17
2024-01-03,YouTube,Entertainment,48,34,73,3
2024-01-03,WhatsApp,Communication,18,31,47,14
2024-01-03,Gmail,Productivity,44,21,79,12
2024-01-03,LinkedIn,Professional,86,47,52,23
2024-01-03,Chrome,Utility,158,25,59,12
2024-01-03,Spotify,Entertainment,45,29,14,12
2024-01-03,Telegram,Communication,69,25,70,8
2024-01-04,Instagram,Social,92,1,7,23
2024-01-04,YouTube,Entertainment,67,11,7,2
2024-01-04,WhatsApp,Communication,167,33,4,9
2024-01-04,Gmail,Productivity,45,28,6,8
2024-01-04,LinkedIn,Professional,76,12,33,0
2024-01-04,Chrome,Utility,52,55,22,23
2024-01-04,Spotify,Entertainment,41,35,43,7
2024-01-04,Telegram,Communication,39,1,46,13
2024-01-05,Instagram,Social,135,1,4,22
2024-01-05,YouTube,Entertainment,146,39,26,8
2024-01-05,WhatsApp,Communication,19,26,41,12
2024-01-05,Gmail,Productivity,67,32,51,3
2024-01-05,LinkedIn,Professional,155,39,14,10
2024-01-05,Chrome,Utility,33,36,12,6
2024-01-05,Spotify,Entertainment,90,28,65,9
2024-01-05,Telegram,Communication,49,57,5,11
2024-01-06,Instagram,Social,48,20,29,10
2024-01-06,YouTube,Entertainment,132,58,61,0
2024-01-06,WhatsApp,Communication,133,57,26,19
2024-01-06,Gmail,Productivity,7,39,69,7
2024-01-06,LinkedIn,Professional,159,9,61,4
2024-01-06,Chrome,Utility,55,42,43,23
2024-01-06,Spotify,Entertainment,63,54,31,23
2024-01-06,Telegram,Communication,117,49,57,19
2024-01-07,Instagram,Social,16,39,1,2
2024-01-07,YouTube,Entertainment,117,37,55,16
2024-01-07,WhatsApp,Communication,117,2,1,21
2024-01-07,Gmail,Productivity,91,37,0,18
2024-01-07,LinkedIn,Professional,130,2,52,11
2024-01-07,Chrome,Utility,164,6,31,22
2024-01-07,Spotify,Entertainment,72,55,74,23
2024-01-07,Telegram,Communication,127,17,37,23
2024-01-08,Instagram,Social,73,52,69,21
2024-01-08,YouTube,Entertainment,143,48,15,0
2024-01-08,WhatsApp,Communication,128,59,69,15
2024-01-08,Gmail,Productivity,97,3,19,3
2024-01-08,LinkedIn,Professional,151,26,66,18
2024-01-08,Chrome,Utility,152,32,70,19
2024-01-08,Spotify,Entertainment,165,40,38,17
2024-01-08,Telegram,Communication,108,1,10,17
2024-01-09,Instagram,Social,155,31,41,2
2024-01-09,YouTube,Entertainment,11,16,59,16
2024-01-09,WhatsApp,Communication,6,1,47,11
2024-01-09,Gmail,Productivity,41,32,8,8
2024-01-09,LinkedIn,Professional,103,19,47,15
2024-01-09,Chrome,Utility,135,20,23,21
2024-01-09,Spotify,Entertainment,124,33,23,19
2024-01-09,Telegram,Communication,79,49,71,3
2024-01-10,Instagram,Social,170,40,24,17
2024-01-10,YouTube,Entertainment,132,46,65,21
2024-01-10,WhatsApp,Communication,167,16,60,8
2024-01-10,Gmail,Productivity,165,4,32,13
2024-01-10,LinkedIn,Professional,25,48,19,23
2024-01-10,Chrome,Utility,132,8,6,2
2024-01-10,Spotify,Entertainment,149,33,47,11
2024-01-10,Telegram,Communication,119,22,21,13
2024-01-11,Instagram,Social,162,38,50,21
2024-01-11,YouTube,Entertainment,12,27,26,1
2024-01-11,WhatsApp,Communication,25,30,27,14
2024-01-11,Gmail,Productivity,65,48,18,3
2024-01-11,LinkedIn,Professional,39,49,16,11
2024-01-11,Chrome,Utility,162,29,45,20
2024-01-11,Spotify,Entertainment,10,35,36,23
2024-01-11,Telegram,Communication,97,49,45,20
2024-01-12,Instagram,Social,99,35,59,0
2024-01-12,YouTube,Entertainment,120,21,31,22
2024-01-12,WhatsApp,Communication,165,3,17,9
2024-01-12,Gmail,Productivity,58,58,66,7
2024-01-12,LinkedIn,Professional,178,24,31,14
2024-01-12,Chrome,Utility,90,23,65,9
2024-01-12,Spotify,Entertainment,134,26,16,7
2024-01-12,Telegram,Communication,165,9,42,21
2024-01-13,Instagram,Social,43,29,41,22
2024-01-13,YouTube,Entertainment,30,35,49,23
2024-01-13,WhatsApp,Communication,17,58,6,3
2024-01-13,Gmail,Productivity,177,20,64,7
2024-01-13,LinkedIn,Professional,148,14,75,18
2024-01-13,Chrome,Utility,147,28,65,22
2024-01-13,Spotify,Entertainment,90,51,24,21
2024-01-13,Telegram,Communication,62,58,48,19
2024-01-14,Instagram,Social,174,6,14,21
2024-01-14,YouTube,Entertainment,105,33,7,20
2024-01-14,WhatsApp,Communication,64,44,4,6
2024-01-14,Gmail,Productivity,10,45,46,2
2024-01-14,LinkedIn,Professional,59,40,51,15
2024-01-14,Chrome,Utility,17,50,29,18
2024-01-14,Spotify,Entertainment,149,56,62,18
2024-01-14,Telegram,Communication,96,58,54,4
2024-01-15,Instagram,Social,121,23,8,11
2024-01-15,YouTube,Entertainment,133,58,0,14
2024-01-15,WhatsApp,Communication,38,32,47,7
2024-01-15,Gmail,Productivity,121,1,15,6
2024-01-15,LinkedIn,Professional,73,22,66,11
2024-01-15,Chrome,Utility,158,16,50,4
2024-01-15,Spotify,Entertainment,90,57,28,13
2024-01-15,Telegram,Communication,73,47,61,19
2024-01-16,Instagram,Social,148,26,47,20
2024-01-16,YouTube,Entertainment,43,36,32,4
2024-01-16,WhatsApp,Communication,27,58,9,21
2024-01-16,Gmail,Productivity,73,36,33,19
2024-01-16,LinkedIn,Professional,142,58,18,0
2024-01-16,Chrome,Utility,73,45,3,15
2024-01-16,Spotify,Entertainment,28,16,1,16
2024-01-16,Telegram,Communication,132,32,23,11
2024-01-17,Instagram,Social,167,33,32,18
2024-01-17,YouTube,Entertainment,175,37,11,2
2024-01-17,WhatsApp,Communication,69,33,39,9
2024-01-17,Gmail,Productivity,47,44,28,12
2024-01-17,LinkedIn,Professional,16,31,45,1
2024-01-17,Chrome,Utility,39,23,7,9
2024-01-17,Spotify,Entertainment,94,34,6,3
2024-01-17,Telegram,Communication,62,53,74,23
2024-01-18,Instagram,Social,168,25,20,3
2024-01-18,YouTube,Entertainment,142,37,72,23
2024-01-18,WhatsApp,Communication,103,48,35,17
2024-01-18,Gmail,Productivity,100,24,22,4
2024-01-18,LinkedIn,Professional,16,49,54,12
2024-01-18,Chrome,Utility,27,25,29,16
2024-01-18,Spotify,Entertainment,117,20,12,18
2024-01-18,Telegram,Communication,104,12,60,8
2024-01-19,Instagram,Social,151,12,8,6
2024-01-19,YouTube,Entertainment,32,14,51,18
2024-01-19,WhatsApp,Communication,115,16,68,2
2024-01-19,Gmail,Productivity,144,25,51,20
2024-01-19,LinkedIn,Professional,57,23,15,6
2024-01-19,Chrome,Utility,113,53,41,6
2024-01-19,Spotify,Entertainment,146,31,4,2
2024-01-19,Telegram,Communication,79,18,75,8
2024-01-20,Instagram,Social,78,58,16,5
2024-01-20,YouTube,Entertainment,11,46,12,7
2024-01-20,WhatsApp,Communication,174,9,49,1
2024-01-20,Gmail,Productivity,9,29,36,5
2024-01-20,LinkedIn,Professional,87,8,64,21
2024-01-20,Chrome,Utility,149,7,44,3
2024-01-20,Spotify,Entertainment,40,6,30,18
2024-01-20,Telegram,Communication,112,54,38,9
2024-01-21,Instagram,Social,94,19,38,2
2024-01-21,YouTube,Entertainment,177,13,57,19
2024-01-21,WhatsApp,Communication,65,41,38,0
2024-01-21,Gmail,Productivity,135,13,61,16
2024-01-21,LinkedIn,Professional,157,56,32,5
2024-01-21,Chrome,Utility,121,6,57,11
2024-01-21,Spotify,Entertainment,177,32,44,14
2024-01-21,Telegram,Communication,153,16,74,4
2024-01-22,Instagram,Social,168,35,18,19
2024-01-22,YouTube,Entertainment,150,47,48,13
2024-01-22,WhatsApp,Communication,147,31,0,20
2024-01-22,Gmail,Productivity,58,54,2,15
2024-01-22,LinkedIn,Professional,16,10,15,7
2024-01-22,Chrome,Utility,106,12,23,20
2024-01-22,Spotify,Entertainment,12,58,35,7
2024-01-22,Telegram,Communication,64,50,27,4
2024-01-23,Instagram,Social,45,36,63,21
2024-01-23,YouTube,Entertainment,149,9,32,20
2024-01-23,WhatsApp,Communication,161,13,45,2
2024-01-23,Gmail,Productivity,138,18,68,14
2024-01-23,LinkedIn,Professional,157,2,9,23
2024-01-23,Chrome,Utility,34,50,4,22
2024-01-23,Spotify,Entertainment,37,54,64,17
2024-01-23,Telegram,Communication,15,21,25,21
2024-01-24,Instagram,Social,63,27,48,12
2024-01-24,YouTube,Entertainment,165,34,0,20
2024-01-24,WhatsApp,Communication,59,6,68,4
2024-01-24,Gmail,Productivity,106,3,52,22
2024-01-24,LinkedIn,Professional,57,37,73,9
2024-01-24,Chrome,Utility,87,17,77,8
2024-01-24,Spotify,Entertainment,114,1,50,12
2024-01-24,Telegram,Communication,8,1,31,1
2024-01-25,Instagram,Social,96,31,71,6
2024-01-25,YouTube,Entertainment,158,58,33,21
2024-01-25,WhatsApp,Communication,122,3,49,11
2024-01-25,Gmail,Productivity,58,44,4,16
2024-01-25,LinkedIn,Professional,116,47,22,14
2024-01-25,Chrome,Utility,89,14,65,10
2024-01-25,Spotify,Entertainment,107,38,63,1
2024-01-25,Telegram,Communication,42,50,29,14
2024-01-26,Instagram,Social,95,51,62,1
2024-01-26,YouTube,Entertainment,56,57,37,0
2024-01-26,WhatsApp,Communication,83,30,50,16
2024-01-26,Gmail,Productivity,137,29,3,9
2024-01-26,LinkedIn,Professional,149,10,16,19
2024-01-26,Chrome,Utility,73,34,5,20
2024-01-26,Spotify,Entertainment,130,43,42,15
2024-01-26,Telegram,Communication,119,47,22,22
2024-01-27,Instagram,Social,84,31,74,21
2024-01-27,YouTube,Entertainment,148,8,3,7
2024-01-27,WhatsApp,Communication,136,56,24,2
2024-01-27,Gmail,Productivity,100,3,26,17
2024-01-27,LinkedIn,Professional,65,58,50,18
2024-01-27,Chrome,Utility,25,5,41,21
2024-01-27,Spotify,Entertainment,153,6,0,4
2024-01-27,Telegram,Communication,16,26,45,1
2024-01-28,Instagram,Social,82,26,44,8
2024-01-28,YouTube,Entertainment,30,57,46,21
2024-01-28,WhatsApp,Communication,60,30,62,15
2024-01-28,Gmail,Productivity,65,17,25,3
2024-01-28,LinkedIn,Professional,5,8,51,14
2024-01-28,Chrome,Utility,51,56,13,22
2024-01-28,Spotify,Entertainment,82,24,1,12
2024-01-28,Telegram,Communication,158,14,58,23
2024-01-29,Instagram,Social,119,7,2,14
2024-01-29,YouTube,Entertainment,155,46,17,5
2024-01-29,WhatsApp,Communication,119,15,63,22
2024-01-29,Gmail,Productivity,32,10,38,16
2024-01-29,LinkedIn,Professional,90,26,43,16
2024-01-29,Chrome,Utility,17,20,24,3
2024-01-29,Spotify,Entertainment,142,3,17,14
2024-01-29,Telegram,Communication,115,22,33,14
2024-01-30,Instagram,Social,12,40,41,8
2024-01-30,YouTube,Entertainment,105,6,51,1
2024-01-30,WhatsApp,Communication,63,45,69,4
2024-01-30,Gmail,Productivity,125,33,52,21
2024-01-30,LinkedIn,Professional,25,6,69,22
2024-01-30,Chrome,Utility,116,4,74,23
2024-01-30,Spotify,Entertainment,59,9,2,18
2024-01-30,Telegram,Communication,35,40,35,23
2024-01-31,Instagram,Social,10,2,74,3
2024-01-31,YouTube,Entertainment,83,6,50,1
2024-01-31,WhatsApp,Communication,83,11,7,18
2024-01-31,Gmail,Productivity,177,44,4,5
2024-01-31,LinkedIn,Professional,158,54,67,18
2024-01-31,Chrome,Utility,24,49,11,14
2024-01-31,Spotify,Entertainment,5,26,13,5
2024-01-31,Telegram,Communication,41,11,76,10
2024-02-01,Instagram,Social,7,33,5,17
2024-02-01,YouTube,Entertainment,14,5,22,9
2024-02-01,WhatsApp,Communication,176,2,12,7
2024-02-01,Gmail,Productivity,134,20,64,4
2024-02-01,LinkedIn,Professional,77,17,8,10
2024-02-01,Chrome,Utility,147,24,37,22
2024-02-01,Spotify,Entertainment,167,30,48,4
2024-02-01,Telegram,Communication,66,44,49,13
2024-02-02,Instagram,Social,121,56,74,8
2024-02-02,YouTube,Entertainment,166,12,34,0
2024-02-02,WhatsApp,Communication,44,22,59,7
2024-02-02,Gmail,Productivity,15,41,13,2
2024-02-02,LinkedIn,Professional,169,5,77,3
2024-02-02,Chrome,Utility,93,45,41,17
2024-02-02,Spotify,Entertainment,44,8,38,7
2024-02-02,Telegram,Communication,18,32,50,5
2024-02-03,Instagram,Social,101,23,62,14
2024-02-03,YouTube,Entertainment,157,17,65,13
2024-02-03,WhatsApp,Communication,57,40,50,6
2024-02-03,Gmail,Productivity,138,3,6,18
2024-02-03,LinkedIn,Professional,46,52,14,14
2024-02-03,Chrome,Utility,161,33,26,3
2024-02-03,Spotify,Entertainment,161,38,56,0
2024-02-03,Telegram,Communication,159,55,32,3
2024-02-04,Instagram,Social,90,2,9,4
2024-02-04,YouTube,Entertainment,127,10,37,12
2024-02-04,WhatsApp,Communication,163,47,51,23
2024-02-04,Gmail,Productivity,19,29,7,4
2024-02-04,LinkedIn,Professional,161,47,67,11
2024-02-04,Chrome,Utility,177,2,26,18
2024-02-04,Spotify,Entertainment,168,36,25,10
2024-02-04,Telegram,Communication,31,5,19,10
2024-02-05,Instagram,Social,78,40,37,5
2024-02-05,YouTube,Entertainment,27,47,45,10
2024-02-05,WhatsApp,Communication,144,26,12,7
2024-02-05,Gmail,Productivity,115,40,59,10
2024-02-05,LinkedIn,Professional,104,48,67,4
2024-02-05,Chrome,Utility,124,37,71,9
2024-02-05,Spotify,Entertainment,96,31,8,21
2024-02-05,Telegram,Communication,55,29,77,7
2024-02-06,Instagram,Social,45,22,10,22
2024-02-06,YouTube,Entertainment,5,46,20,13
2024-02-06,WhatsApp,Communication,168,54,56,0
2024-02-06,Gmail,Productivity,67,54,54,18
2024-02-06,LinkedIn,Professional,172,15,20,14
2024-02-06,Chrome,Utility,57,9,73,19
2024-02-06,Spotify,Entertainment,61,53,25,8
2024-02-06,Telegram,Communication,39,52,24,10
2024-02-07,Instagram,Social,42,2,6,17
2024-02-07,YouTube,Entertainment,166,27,16,10
2024-02-07,WhatsApp,Communication,112,59,50,21
2024-02-07,Gmail,Productivity,156,25,70,19
2024-02-07,LinkedIn,Professional,92,33,48,10
2024-02-07,Chrome,Utility,154,26,27,17
2024-02-07,Spotify,Entertainment,53,7,48,19
2024-02-07,Telegram,Communication,122,22,62,7
2024-02-08,Instagram,Social,53,7,0,12
2024-02-08,YouTube,Entertainment,127,56,61,16
2024-02-08,WhatsApp,Communication,177,29,29,15
2024-02-08,Gmail,Productivity,172,19,17,0
2024-02-08,LinkedIn,Professional,82,51,46,17
2024-02-08,Chrome,Utility,117,50,37,18
2024-02-08,Spotify,Entertainment,67,4,0,7
2024-02-08,Telegram,Communication,161,55,2,9
2024-02-09,Instagram,Social,114,34,54,17
2024-02-09,YouTube,Entertainment,139,29,7,0
2024-02-09,WhatsApp,Communication,61,55,66,23
2024-02-09,Gmail,Productivity,76,54,66,18
2024-02-09,LinkedIn,Professional,101,28,7,1
2024-02-09,Chrome,Utility,39,32,77,23
2024-02-09,Spotify,Entertainment,50,43,15,3
2024-02-09,Telegram,Communication,169,54,13,22
2024-02-10,Instagram,Social,11,10,6,0
2024-02-10,YouTube,Entertainment,155,21,18,15
2024-02-10,WhatsApp,Communication,129,19,35,17
2024-02-10,Gmail,Productivity,6,1,46,4
2024-02-10,LinkedIn,Professional,152,11,1,2
2024-02-10,Chrome,Utility,123,12,19,4
2024-02-10,Spotify,Entertainment,41,38,8,1
2024-02-10,Telegram,Communication,57,44,23,16
2024-02-11,Instagram,Social,162,56,58,13
2024-02-11,YouTube,Entertainment,132,32,13,8
2024-02-11,WhatsApp,Communication,44,2,24,6
2024-02-11,Gmail,Productivity,26,43,3,12
2024-02-11,LinkedIn,Professional,102,23,36,10
2024-02-11,Chrome,Utility,74,18,41,3
2024-02-11,Spotify,Entertainment,45,38,33,16
2024-02-11,Telegram,Communication,169,25,75,22
2024-02-12,Instagram,Social,121,42,26,5
2024-02-12,YouTube,Entertainment,172,34,11,12
2024-02-12,WhatsApp,Communication,57,7,9,12
2024-02-12,Gmail,Productivity,149,26,61,13
2024-02-12,LinkedIn,Professional,68,2,53,10
2024-02-12,Chrome,Utility,55,53,35,18
2024-02-12,Spotify,Entertainment,30,29,20,10
2024-02-12,Telegram,Communication,44,11,35,16
2024-02-13,Instagram,Social,43,40,53,1
2024-02-13,YouTube,Entertainment,59,47,23,21
2024-02-13,WhatsApp,Communication,154,5,55,0
2024-02-13,Gmail,Productivity,40,47,19,18
2024-02-13,LinkedIn,Professional,85,59,72,1
2024-02-13,Chrome,Utility,77,9,39,16
2024-02-13,Spotify,Entertainment,133,25,60,10
2024-02-13,Telegram,Communication,108,42,24,6
2024-02-14,Instagram,Social,39,3,43,18
2024-02-14,YouTube,Entertainment,106,34,11,18
2024-02-14,WhatsApp,Communication,105,44,58,16
2024-02-14,Gmail,Productivity,21,10,56,22
2024-02-14,LinkedIn,Professional,51,12,61,15
2024-02-14,Chrome,Utility,87,8,20,16
2024-02-14,Spotify,Entertainment,122,16,69,7
2024-02-14,Telegram,Communication,29,18,11,14
2024-02-15,Instagram,Social,63,26,25,14
2024-02-15,YouTube,Entertainment,36,10,15,6
2024-02-15,WhatsApp,Communication,149,23,25,20
2024-02-15,Gmail,Productivity,90,58,6,13
2024-02-15,LinkedIn,Professional,83,53,6,8
2024-02-15,Chrome,Utility,119,48,71,17
2024-02-15,Spotify,Entertainment,63,23,38,2
2024-02-15,Telegram,Communication,150,59,16,13
2024-02-16,Instagram,Social,163,24,59,12
2024-02-16,YouTube,Entertainment,102,3,36,10
2024-02-16,WhatsApp,Communication,172,26,54,22
2024-02-16,Gmail,Productivity,112,39,14,23
2024-02-16,LinkedIn,Professional,8,29,24,12
2024-02-16,Chrome,Utility,165,16,41,11
2024-02-16,Spotify,Entertainment,130,2,54,2
2024-02-16,Telegram,Communication,174,34,29,22
2024-02-17,Instagram,Social,17,13,17,2
2024-02-17,YouTube,Entertainment,127,39,45,19
2024-02-17,WhatsApp,Communication,33,49,61,20
2024-02-17,Gmail,Productivity,20,56,9,6
2024-02-17,LinkedIn,Professional,88,5,64,16
2024-02-17,Chrome,Utility,7,45,13,23
2024-02-17,Spotify,Entertainment,162,50,67,17
2024-02-17,Telegram,Communication,41,25,47,0
2024-02-18,Instagram,Social,77,15,48,23
2024-02-18,YouTube,Entertainment,144,59,36,4
2024-02-18,WhatsApp,Communication,175,6,38,23
2024-02-18,Gmail,Productivity,67,46,10,12
2024-02-18,LinkedIn,Professional,157,7,51,3
2024-02-18,Chrome,Utility,63,8,19,21
2024-02-18,Spotify,Entertainment,121,51,73,10
2024-02-18,Telegram,Communication,61,26,40,16
2024-02-19,Instagram,Social,7,56,5,4
2024-02-19,YouTube,Entertainment,9,54,46,22
2024-02-19,WhatsApp,Communication,13,35,19,16
2024-02-19,Gmail,Productivity,65,59,34,17
2024-02-19,LinkedIn,Professional,86,17,2,2
2024-02-19,Chrome,Utility,17,56,72,3
2024-02-19,Spotify,Entertainment,146,37,10,8
2024-02-19,Telegram,Communication,71,59,28,8
2024-02-20,Instagram,Social,157,34,75,9
2024-02-20,YouTube,Entertainment,13,15,39,4
2024-02-20,WhatsApp,Communication,143,59,78,5
2024-02-20,Gmail,Productivity,76,59,4,15
2024-02-20,LinkedIn,Professional,94,18,69,4
2024-02-20,Chrome,Utility,64,48,76,4
2024-02-20,Spotify,Entertainment,85,50,39,12
2024-02-20,Telegram,Communication,66,29,57,2
2024-02-21,Instagram,Social,60,40,39,12
2024-02-21,YouTube,Entertainment,37,6,18,15
2024-02-21,WhatsApp,Communication,172,28,58,15
2024-02-21,Gmail,Productivity,173,13,44,20
2024-02-21,LinkedIn,Professional,174,36,62,5
2024-02-21,Chrome,Utility,11,5,44,18
2024-02-21,Spotify,Entertainment,35,23,41,9
2024-02-21,Telegram,Communication,164,43,52,6
2024-02-22,Instagram,Social,163,18,1,13
2024-02-22,YouTube,Entertainment,81,29,11,6
2024-02-22,WhatsApp,Communication,17,46,26,16
2024-02-22,Gmail,Productivity,21,40,59,23
2024-02-22,LinkedIn,Professional,113,35,69,18
2024-02-22,Chrome,Utility,162,7,73,8
2024-02-22,Spotify,Entertainment,67,28,59,14
2024-02-22,Telegram,Communication,41,29,21,3
2024-02-23,Instagram,Social,152,32,67,16
2024-02-23,YouTube,Entertainment,16,22,16,9
2024-02-23,WhatsApp,Communication,122,1,21,23
2024-02-23,Gmail,Productivity,54,14,63,14
2024-02-23,LinkedIn,Professional,33,12,35,2
2024-02-23,Chrome,Utility,129,12,6,10
2024-02-23,Spotify,Entertainment,37,6,78,18
2024-02-23,Telegram,Communication,62,23,25,1
2024-02-24,Instagram,Social,178,34,28,3
2024-02-24,YouTube,Entertainment,103,13,38,14
2024-02-24,WhatsApp,Communication,123,29,28,10
2024-02-24,Gmail,Productivity,120,32,1,14
2024-02-24,LinkedIn,Professional,88,22,74,2
2024-02-24,Chrome,Utility,85,44,55,20
2024-02-24,Spotify,Entertainment,51,16,58,19
2024-02-24,Telegram,Communication,10,19,56,4
2024-02-25,Instagram,Social,135,59,0,5
2024-02-25,YouTube,Entertainment,19,34,60,2
2024-02-25,WhatsApp,Communication,68,49,24,23
2024-02-25,Gmail,Productivity,16,18,14,11
2024-02-25,LinkedIn,Professional,31,8,59,13
2024-02-25,Chrome,Utility,149,29,52,7
2024-02-25,Spotify,Entertainment,83,27,45,17
2024-02-25,Telegram,Communication,135,29,63,11
2024-02-26,Instagram,Social,28,58,2,19
2024-02-26,YouTube,Entertainment,50,15,24,13
2024-02-26,WhatsApp,Communication,21,44,8,5
2024-02-26,Gmail,Productivity,67,22,1,23
2024-02-26,LinkedIn,Professional,76,11,63,12
2024-02-26,Chrome,Utility,76,21,17,17
2024-02-26,Spotify,Entertainment,114,47,37,10
2024-02-26,Telegram,Communication,49,25,32,5
2024-02-27,Instagram,Social,173,8,10,21
2024-02-27,YouTube,Entertainment,92,41,16,11
2024-02-27,WhatsApp,Communication,125,46,31,14
2024-02-27,Gmail,Productivity,84,54,19,0
2024-02-27,LinkedIn,Professional,172,32,1,0
2024-02-27,Chrome,Utility,37,41,76,0
2024-02-27,Spotify,Entertainment,81,52,25,21
2024-02-27,Telegram,Communication,107,2,37,6
2024-02-28,Instagram,Social,94,46,14,1
2024-02-28,YouTube,Entertainment,110,55,43,16
2024-02-28,WhatsApp,Communication,108,11,60,2
2024-02-28,Gmail,Productivity,127,6,8,5
2024-02-28,LinkedIn,Professional,77,39,31,8
2024-02-28,Chrome,Utility,118,12,7,7
2024-02-28,Spotify,Entertainment,96,20,61,14
2024-02-28,Telegram,Communication,131,7,74,19
2024-02-29,Instagram,Social,136,6,57,21
2024-02-29,YouTube,Entertainment,158,3,40,9
2024-02-29,WhatsApp,Communication,18,11,11,22
2024-02-29,Gmail,Productivity,16,13,24,12
2024-02-29,LinkedIn,Professional,126,19,54,13
2024-02-29,Chrome,Utility,104,45,7,22
2024-02-29,Spotify,Entertainment,57,55,31,18
2024-02-29,Telegram,Communication,48,18,69,17
2024-03-01,Instagram,Social,154,37,55,8
2024-03-01,YouTube,Entertainment,63,3,27,9
2024-03-01,WhatsApp,Communication,39,29,53,14
2024-03-01,Gmail,Productivity,101,7,75,16
2024-03-01,LinkedIn,Professional,98,21,30,23
2024-03-01,Chrome,Utility,152,37,3,11
2024-03-01,Spotify,Entertainment,130,20,59,23
2024-03-01,Telegram,Communication,54,49,50,8
2024-03-02,Instagram,Social,168,58,65,14
2024-03-02,YouTube,Entertainment,166,36,5,6
2024-03-02,WhatsApp,Communication,174,51,57,21
2024-03-02,Gmail,Productivity,129,12,2,12
2024-03-02,LinkedIn,Professional,22,40,20,14
2024-03-02,Chrome,Utility,103,26,7,3
2024-03-02,Spotify,Entertainment,91,42,43,13
2024-03-02,Telegram,Communication,82,2,36,4
2024-03-03,Instagram,Social,170,45,40,21
2024-03-03,YouTube,Entertainment,64,47,13,23
2024-03-03,WhatsApp,Communication,88,2,69,16
2024-03-03,Gmail,Productivity,127,25,27,1
2024-03-03,LinkedIn,Professional,167,37,4,0
2024-03-03,Chrome,Utility,172,12,55,3
2024-03-03,Spotify,Entertainment,49,23,46,10
2024-03-03,Telegram,Communication,14,3,13,15
2024-03-04,Instagram,Social,97,10,75,8
2024-03-04,YouTube,Entertainment,5,5,19,7
2024-03-04,WhatsApp,Communication,175,12,0,21
2024-03-04,Gmail,Productivity,32,57,36,14
2024-03-04,LinkedIn,Professional,169,49,43,23
2024-03-04,Chrome,Utility,160,47,78,5
2024-03-04,Spotify,Entertainment,112,59,60,19
2024-03-04,Telegram,Communication,118,14,1,8
2024-03-05,Instagram,Social,41,20,25,0
2024-03-05,YouTube,Entertainment,123,35,69,4
2024-03-05,WhatsApp,Communication,63,5,32,16
2024-03-05,Gmail,Productivity,16,42,19,20
2024-03-05,LinkedIn,Professional,47,34,49,6
2024-03-05,Chrome,Utility,175,50,22,11
2024-03-05,Spotify,Entertainment,42,20,22,12
2024-03-05,Telegram,Communication,56,16,49,9
2024-03-06,Instagram,Social,128,55,7,17
2024-03-06,YouTube,Entertainment,89,1,7,5
2024-03-06,WhatsApp,Communication,9,47,46,1
2024-03-06,Gmail,Productivity,59,55,42,9
2024-03-06,LinkedIn,Professional,162,50,16,7
2024-03-06,Chrome,Utility,51,40,75,7
2024-03-06,Spotify,Entertainment,93,46,67,0
2024-03-06,Telegram,Communication,5,19,30,15
2024-03-07,Instagram,Social,146,53,47,4
2024-03-07,YouTube,Entertainment,109,26,61,1
2024-03-07,WhatsApp,Communication,67,9,32,8
2024-03-07,Gmail,Productivity,93,48,12,8
2024-03-07,LinkedIn,Professional,81,31,74,3
2024-03-07,Chrome,Utility,102,38,3,5
2024-03-07,Spotify,Entertainment,23,6,12,8
2024-03-07,Telegram,Communication,27,19,74,0
2024-03-08,Instagram,Social,92,54,70,20
2024-03-08,YouTube,Entertainment,147,1,75,6
2024-03-08,WhatsApp,Communication,147,21,18,0
2024-03-08,Gmail,Productivity,53,32,34,11
2024-03-08,LinkedIn,Professional,106,26,10,2
2024-03-08,Chrome,Utility,114,14,73,1
2024-03-08,Spotify,Entertainment,178,9,2,20
2024-03-08,Telegram,Communication,30,8,47,1
2024-03-09,Instagram,Social,160,53,25,11
2024-03-09,YouTube,Entertainment,137,34,47,4
2024-03-09,WhatsApp,Communication,48,36,14,10
2024-03-09,Gmail,Productivity,91,6,45,17
2024-03-09,LinkedIn,Professional,112,59,42,12
2024-03-09,Chrome,Utility,25,23,79,14
2024-03-09,Spotify,Entertainment,121,15,24,3
2024-03-09,Telegram,Communication,55,15,67,20
2024-03-10,Instagram,Social,145,22,18,1
2024-03-10,YouTube,Entertainment,82,4,51,13
2024-03-10,WhatsApp,Communication,31,29,27,2
2024-03-10,Gmail,Productivity,140,16,35,17
2024-03-10,LinkedIn,Professional,6,49,76,3
2024-03-10,Chrome,Utility,94,25,74,6
2024-03-10,Spotify,Entertainment,99,44,73,6
2024-03-10,Telegram,Communication,145,31,70,23
2024-03-11,Instagram,Social,174,42,55,3
2024-03-11,YouTube,Entertainment,88,4,6,21
2024-03-11,WhatsApp,Communication,133,44,44,9
2024-03-11,Gmail,Productivity,51,59,12,22
2024-03-11,LinkedIn,Professional,154,54,20,21
2024-03-11,Chrome,Utility,141,26,8,14
2024-03-11,Spotify,Entertainment,14,24,41,7
2024-03-11,Telegram,Communication,156,16,48,4
2024-03-12,Instagram,Social,72,50,23,18
2024-03-12,YouTube,Entertainment,104,39,73,17
2024-03-12,WhatsApp,Communication,151,36,73,0
2024-03-12,Gmail,Productivity,73,47,48,2
2024-03-12,LinkedIn,Professional,112,34,32,22
2024-03-12,Chrome,Utility,153,17,21,15
2024-03-12,Spotify,Entertainment,41,15,34,6
2024-03-12,Telegram,Communication,164,11,9,8
2024-03-13,Instagram,Social,82,13,56,1
2024-03-13,YouTube,Entertainment,68,35,6,20
2024-03-13,WhatsApp,Communication,150,3,41,21
2024-03-13,Gmail,Productivity,129,39,40,16
2024-03-13,LinkedIn,Professional,28,46,18,3
2024-03-13,Chrome,Utility,106,42,31,6
2024-03-13,Spotify,Entertainment,113,46,35,7
2024-03-13,Telegram,Communication,101,36,2,8
2024-03-14,Instagram,Social,140,33,69,8
2024-03-14,YouTube,Entertainment,17,49,59,1
2024-03-14,WhatsApp,Communication,9,44,26,20
2024-03-14,Gmail,Productivity,12,38,71,17
2024-03-14,LinkedIn,Professional,71,54,43,2
2024-03-14,Chrome,Utility,90,6,1,22
2024-03-14,Spotify,Entertainment,176,2,34,1
2024-03-14,Telegram,Communication,34,52,7,21
2024-03-15,Instagram,Social,48,58,35,4
2024-03-15,YouTube,Entertainment,81,29,30,14
2024-03-15,WhatsApp,Communication,59,16,61,22
2024-03-15,Gmail,Productivity,148,12,16,15
2024-03-15,LinkedIn,Professional,144,8,2,15
2024-03-15,Chrome,Utility,34,45,22,18
2024-03-15,Spotify,Entertainment,108,54,4,19
2024-03-15,Telegram,Communication,108,56,64,20
2024-03-16,Instagram,Social,88,6,21,17
2024-03-16,YouTube,Entertainment,36,33,15,11
2024-03-16,WhatsApp,Communication,42,52,13,3
2024-03-16,Gmail,Productivity,155,50,65,8
2024-03-16,LinkedIn,Professional,89,2,72,0
2024-03-16,Chrome,Utility,79,3,51,22
2024-03-16,Spotify,Entertainment,158,4,54,5
2024-03-16,Telegram,Communication,167,22,42,14
2024-03-17,Instagram,Social,90,37,11,14
2024-03-17,YouTube,Entertainment,53,42,37,17
2024-03-17,WhatsApp,Communication,177,35,29,23
2024-03-17,Gmail,Productivity,162,14,5,2
2024-03-17,LinkedIn,Professional,84,7,51,13
2024-03-17,Chrome,Utility,77,15,20,2
2024-03-17,Spotify,Entertainment,70,27,1,2
2024-03-17,Telegram,Communication,24,18,9,1
2024-03-18,Instagram,Social,29,54,32,3
2024-03-18,YouTube,Entertainment,99,14,64,13
2024-03-18,WhatsApp,Communication,84,54,51,2
2024-03-18,Gmail,Productivity,173,6,24,12
2024-03-18,LinkedIn,Professional,121,34,7,20
2024-03-18,Chrome,Utility,29,15,67,12
2024-03-18,Spotify,Entertainment,16,32,12,13
2024-03-18,Telegram,Communication,24,18,59,5
2024-03-19,Instagram,Social,164,29,42,1
2024-03-19,YouTube,Entertainment,64,23,30,18
2024-03-19,WhatsApp,Communication,9,19,33,9
2024-03-19,Gmail,Productivity,93,2,10,17
2024-03-19,LinkedIn,Professional,163,56,78,8
2024-03-19,Chrome,Utility,87,9,20,8
2024-03-19,Spotify,Entertainment,160,46,6,15
2024-03-19,Telegram,Communication,148,33,3,3
2024-03-20,Instagram,Social,107,40,16,4
2024-03-20,YouTube,Entertainment,107,52,51,3
2024-03-20,WhatsApp,Communication,128,38,49,4
2024-03-20,Gmail,Productivity,120,35,6,21
2024-03-20,LinkedIn,Professional,18,7,4,22
2024-03-20,Chrome,Utility,134,27,20,21
2024-03-20,Spotify,Entertainment,83,21,9,22
2024-03-20,Telegram,Communication,62,56,38,4
2024-03-21,Instagram,Social,69,13,52,17
2024-03-21,YouTube,Entertainment,177,32,35,16
2024-03-21,WhatsApp,Communication,143,21,51,22
2024-03-21,Gmail,Productivity,121,26,67,1
2024-03-21,LinkedIn,Professional,56,48,51,5
2024-03-21,Chrome,Utility,46,21,41,12
2024-03-21,Spotify,Entertainment,117,41,63,16
2024-03-21,Telegram,Communication,124,9,40,0
2024-03-22,Instagram,Social,134,48,28,0
2024-03-22,YouTube,Entertainment,14,50,57,7
2024-03-22,WhatsApp,Communication,25,28,74,22
2024-03-22,Gmail,Productivity,38,8,58,21
2024-03-22,LinkedIn,Professional,83,17,59,22
2024-03-22,Chrome,Utility,92,45,68,11
2024-03-22,Spotify,Entertainment,91,37,7,12
2024-03-22,Telegram,Communication,91,43,0,12
2024-03-23,Instagram,Social,156,35,23,16
2024-03-23,YouTube,Entertainment,137,20,20,7
2024-03-23,WhatsApp,Communication,62,31,10,19
2024-03-23,Gmail,Productivity,147,19,6,18
2024-03-23,LinkedIn,Professional,32,51,57,4
2024-03-23,Chrome,Utility,9,30,7,9
2024-03-23,Spotify,Entertainment,42,47,7,7
2024-03-23,Telegram,Communication,157,9,65,14
2024-03-24,Instagram,Social,53,36,67,13
2024-03-24,YouTube,Entertainment,109,41,61,17
2024-03-24,WhatsApp,Communication,14,21,35,11
2024-03-24,Gmail,Productivity,95,40,1,21
2024-03-24,LinkedIn,Professional,17,53,31,15
2024-03-24,Chrome,Utility,36,32,10,9
2024-03-24,Spotify,Entertainment,19,17,39,17
2024-03-24,Telegram,Communication,157,40,58,13
2024-03-25,Instagram,Social,128,58,21,19
2024-03-25,YouTube,Entertainment,162,20,43,18
2024-03-25,WhatsApp,Communication,178,49,20,2
2024-03-25,Gmail,Productivity,126,32,38,16
2024-03-25,LinkedIn,Professional,16,41,46,17
2024-03-25,Chrome,Utility,153,13,20,7
2024-03-25,Spotify,Entertainment,50,40,6,22
2024-03-25,Telegram,Communication,90,22,21,12
2024-03-26,Instagram,Social,6,29,78,19
2024-03-26,YouTube,Entertainment,31,50,78,18
2024-03-26,WhatsApp,Communication,155,24,43,12
2024-03-26,Gmail,Productivity,26,43,36,0
2024-03-26,LinkedIn,Professional,7,54,18,22
2024-03-26,Chrome,Utility,161,30,38,11
2024-03-26,Spotify,Entertainment,115,25,7,9
2024-03-26,Telegram,Communication,148,8,0,11
2024-03-27,Instagram,Social,9,3,64,3
2024-03-27,YouTube,Entertainment,108,35,63,9
2024-03-27,WhatsApp,Communication,102,43,9,20
2024-03-27,Gmail,Productivity,132,46,26,1
2024-03-27,LinkedIn,Professional,173,48,12,8
2024-03-27,Chrome,Utility,168,22,57,21
2024-03-27,Spotify,Entertainment,16,17,77,13
2024-03-27,Telegram,Communication,125,34,52,19
2024-03-28,Instagram,Social,79,16,69,23
2024-03-28,YouTube,Entertainment,105,58,3,14
2024-03-28,WhatsApp,Communication,129,4,19,9
2024-03-28,Gmail,Productivity,28,54,25,4
2024-03-28,LinkedIn,Professional,58,40,20,9
2024-03-28,Chrome,Utility,42,46,3,12
2024-03-28,Spotify,Entertainment,24,17,70,3
2024-03-28,Telegram,Communication,18,3,79,22
2024-03-29,Instagram,Social,136,56,23,1
2024-03-29,YouTube,Entertainment,162,18,18,18
2024-03-29,WhatsApp,Communication,53,46,21,23
2024-03-29,Gmail,Productivity,113,12,29,5
2024-03-29,LinkedIn,Professional,121,31,63,18
2024-03-29,Chrome,Utility,177,36,54,16
2024-03-29,Spotify,Entertainment,150,52,46,10
2024-03-29,Telegram,Communication,61,54,44,0
2024-03-30,Instagram,Social,149,6,3,19
2024-03-30,YouTube,Entertainment,51,27,14,5
2024-03-30,WhatsApp,Communication,51,14,74,6
2024-03-30,Gmail,Productivity,141,26,15,4
2024-03-30,LinkedIn,Professional,65,10,49,2
2024-03-30,Chrome,Utility,111,49,69,16
2024-03-30,Spotify,Entertainment,113,51,18,9
2024-03-30,Telegram,Communication,39,46,25,18
2024-03-31,Instagram,Social,73,29,63,4
2024-03-31,YouTube,Entertainment,53,21,73,4
2024-03-31,WhatsApp,Communication,104,6,3,6
2024-03-31,Gmail,Productivity,43,50,34,0
2024-03-31,LinkedIn,Professional,28,57,69,8
2024-03-31,Chrome,Utility,178,44,59,19
2024-03-31,Spotify,Entertainment,156,25,35,20
2024-03-31,Telegram,Communication,162,24,29,21
